一级维度,维度图标,二级关注等级,三级指标ID,行为指标描述,加分/扣分,分值
快乐（身心健康）,😊,日常达标,h01,保护自己，不做有危险的举动,加分,+1
快乐（身心健康）,😊,日常达标,h04,能判断他人的危险行为，并主动保持安全距离,加分,+1
快乐（身心健康）,😊,日常达标,h07,能合理判断自己的情绪状态,加分,+1
快乐（身心健康）,😊,日常达标,h08,不开心时不随便发泄负面情绪,加分,+1
快乐（身心健康）,😊,日常达标,h11,不挑食，按需打餐，尽量吃完所有食物,加分,+1
快乐（身心健康）,😊,日常达标,h13,每天在校至少喝500ml水,加分,+1
快乐（身心健康）,😊,日常达标,h15,认真参与眼保健操、课间操，动作标准规范,加分,+1
快乐（身心健康）,😊,日常达标,h17,单日日常达标行为全项完成,加分,+1
快乐（身心健康）,😊,日常达标,h21,单日引领成长行为全项完成,加分,+1
快乐（身心健康）,😊,日常达标,h12,挑食、随意浪费食物,扣分,-1
快乐（身心健康）,😊,日常达标,h14,在校每日饮水不足500ml,扣分,-1
快乐（身心健康）,😊,日常达标,h16,不认真参与校内2操，动作敷衍不标准,扣分,-1
快乐（身心健康）,😊,引领成长,h18,每天做一件让自己开心的事，经常面带笑容,加分,+2
快乐（身心健康）,😊,引领成长,h19,身体不舒服或情绪不好时，能主动向老师/家长求助,加分,+2
快乐（身心健康）,😊,引领成长,h20,大课间、小课间主动到室外跑跳、运动,加分,+2
快乐（身心健康）,😊,特色发展,h23,体育运动长期坚持满1个月,加分,+5
快乐（身心健康）,😊,特色发展,h25,兴趣爱好长期坚持满1个月,加分,+5
快乐（身心健康）,😊,特色发展,h22,长期坚持一项自己喜欢的体育运动，养成运动习惯,加分,+3
快乐（身心健康）,😊,特色发展,h24,有自己特别感兴趣的事，长期坚持并从中获得快乐,加分,+3
快乐（身心健康）,😊,底线预警,h02,做出危险举动，未做好自我保护,扣分,-2
快乐（身心健康）,😊,底线预警,h05,主动靠近他人危险行为，未做好安全规避,扣分,-2
快乐（身心健康）,😊,底线预警,h09,不开心时随意发泄情绪，影响他人,扣分,-2
快乐（身心健康）,😊,底线预警,h03,情节严重的危险举动/自我保护缺失行为,扣分,-5
快乐（身心健康）,😊,底线预警,h06,情节严重的违规靠近他人危险行为,扣分,-5
快乐（身心健康）,😊,底线预警,h10,情节严重的情绪发泄、攻击他人行为,扣分,-5
进取（创新素养）,🚀,日常达标,p01,按时完成所有作业,加分,+1
进取（创新素养）,🚀,日常达标,p04,上课遵守纪律，不影响其他同学学习,加分,+1
进取（创新素养）,🚀,日常达标,p07,课堂上主动举手回答问题，清晰表达自己的想法,加分,+1
进取（创新素养）,🚀,日常达标,p09,有清晰的目标意识，能给自己制定合理的短期计划,加分,+1
进取（创新素养）,🚀,日常达标,p11,单日日常达标行为全项完成,加分,+1
进取（创新素养）,🚀,日常达标,p15,单日引领成长行为全项完成,加分,+1
进取（创新素养）,🚀,日常达标,p08,课堂上不主动发言，拒绝表达自己的想法,扣分,-1
进取（创新素养）,🚀,日常达标,p10,无目标意识，不会制定短期学习/生活计划,扣分,-1
进取（创新素养）,🚀,引领成长,p12,主动向老师提问，学会对知识点提出质疑,加分,+2
进取（创新素养）,🚀,引领成长,p13,面对有难度的任务不轻言放弃，愿意主动尝试,加分,+2
进取（创新素养）,🚀,引领成长,p14,能按轻重缓急给事情分类，科学分配自己的时间,加分,+2
进取（创新素养）,🚀,特色发展,p18,行为优化落地成果显著,加分,+5
进取（创新素养）,🚀,特色发展,p20,科技应用落地成果显著,加分,+5
进取（创新素养）,🚀,特色发展,p16,主动从多个角度思考和解决问题,加分,+3
进取（创新素养）,🚀,特色发展,p17,发现可优化的地方，尝试用行动推动改变,加分,+3
进取（创新素养）,🚀,特色发展,p19,了解人工智能等最新科技发明，寻找技术应用场景,加分,+3
进取（创新素养）,🚀,底线预警,p02,未按时完成作业，拖欠作业,扣分,-2
进取（创新素养）,🚀,底线预警,p05,上课扰乱课堂秩序，影响他人学习,扣分,-2
进取（创新素养）,🚀,底线预警,p03,情节严重的作业拖欠/拒不完成行为,扣分,-5
进取（创新素养）,🚀,底线预警,p06,情节严重的课堂扰乱行为,扣分,-5
儒雅（儒雅品格）,📚,日常达标,e01,不用言语、行为故意伤害他人,加分,+1
儒雅（儒雅品格）,📚,日常达标,e04,不随意拿取别人物品、不破坏学校及公共财物,加分,+1
儒雅（儒雅品格）,📚,日常达标,e07,衣着得体整洁，个人物品摆放有序,加分,+1
儒雅（儒雅品格）,📚,日常达标,e09,见到师长主动问好，常用礼貌用语,加分,+1
儒雅（儒雅品格）,📚,日常达标,e11,他人说话时能安静倾听，不随意打断,加分,+1
儒雅（儒雅品格）,📚,日常达标,e13,在学校楼道和室内场所轻步慢走、不追逐打闹,加分,+1
儒雅（儒雅品格）,📚,日常达标,e15,单日日常达标行为全项完成,加分,+1
儒雅（儒雅品格）,📚,日常达标,e18,单日引领成长行为全项完成,加分,+1
儒雅（儒雅品格）,📚,日常达标,e08,衣着不整洁、个人物品摆放杂乱无章,扣分,-1
儒雅（儒雅品格）,📚,日常达标,e10,见到师长不问好，日常不使用礼貌用语,扣分,-1
儒雅（儒雅品格）,📚,日常达标,e12,随意打断他人说话，不尊重发言者,扣分,-1
儒雅（儒雅品格）,📚,日常达标,e14,校内楼道、室内场所追逐打闹、不遵守公共秩序,扣分,-1
儒雅（儒雅品格）,📚,引领成长,e16,与同学有小摩擦时能温和沟通，积极向老师寻求帮助,加分,+2
儒雅（儒雅品格）,📚,引领成长,e17,同学遇到困难或情绪低落时，能主动关心并提供帮助,加分,+2
儒雅（儒雅品格）,📚,特色发展,e20,情绪稳定表现持续满1个月,加分,+5
儒雅（儒雅品格）,📚,特色发展,e22,每日阅读习惯持续满1个月,加分,+5
儒雅（儒雅品格）,📚,特色发展,e24,包容差异、尊重他人表现持续满1个月,加分,+5
儒雅（儒雅品格）,📚,特色发展,e19,保持稳定的情绪状态，不会轻易被外界小事影响,加分,+3
儒雅（儒雅品格）,📚,特色发展,e21,保持每天安静阅读的良好习惯,加分,+3
儒雅（儒雅品格）,📚,特色发展,e23,懂得欣赏多样性，倾听并包容不一样的想法,加分,+3
儒雅（儒雅品格）,📚,底线预警,e02,用言语、行为故意伤害同学/他人,扣分,-2
儒雅（儒雅品格）,📚,底线预警,e05,随意拿取他人物品、破坏公物/校园设施,扣分,-2
儒雅（儒雅品格）,📚,底线预警,e03,情节严重的校园欺凌/伤害他人行为,扣分,-5
儒雅（儒雅品格）,📚,底线预警,e06,情节严重的盗窃/恶意破坏公物行为,扣分,-5
大气（责任担当）,💪,日常达标,g01,升旗时主动行礼、大声唱国歌、全程肃立,加分,+1
大气（责任担当）,💪,日常达标,g04,不损坏国旗、队旗等标志，规范佩戴红领巾,加分,+1
大气（责任担当）,💪,日常达标,g07,有集体荣誉感，积极参加集体活动，认真完成值日工作,加分,+1
大气（责任担当）,💪,日常达标,g09,热爱学校，爱护校园一草一木，不乱扔垃圾,加分,+1
大气（责任担当）,💪,日常达标,g11,单日日常达标行为全项完成,加分,+1
大气（责任担当）,💪,日常达标,g16,单日引领成长行为全项完成,加分,+1
大气（责任担当）,💪,日常达标,g08,无集体荣誉感，拒绝参与集体活动、不认真完成值日,扣分,-1
大气（责任担当）,💪,日常达标,g10,破坏校园环境、乱扔垃圾、损坏花草树木,扣分,-1
大气（责任担当）,💪,引领成长,g12,遇事对人不斤斤计较，乐于分享自己的物品/知识,加分,+2
大气（责任担当）,💪,引领成长,g13,主动为集体服务，为班级、学校做力所能及的事,加分,+2
大气（责任担当）,💪,引领成长,g14,了解家乡非遗、传统节日习俗或历史人物故事，并主动分享,加分,+2
大气（责任担当）,💪,引领成长,g15,主动关心社会时事，对祖国发展感到自豪,加分,+2
大气（责任担当）,💪,特色发展,g18,跨文化交流学习成果显著,加分,+5
大气（责任担当）,💪,特色发展,g20,本土文化传播成果显著,加分,+5
大气（责任担当）,💪,特色发展,g17,积极参与跨区域、跨国家的交流与学习,加分,+3
大气（责任担当）,💪,特色发展,g19,积极传播本土先进文化，不盲目推崇他国文化,加分,+3
大气（责任担当）,💪,底线预警,g02,升旗时不遵守礼仪，不行礼、不唱国歌,扣分,-2
大气（责任担当）,💪,底线预警,g05,损坏国旗、队旗、红领巾等标志,扣分,-2
大气（责任担当）,💪,底线预警,g03,情节严重的升旗礼仪违规行为,扣分,-5
大气（责任担当）,💪,底线预警,g06,情节严重的国旗/队旗/红领巾损毁行为,扣分,-5
